REG,PRV,MUN,BGY,EA,MUNICIPALITY,BARANGAY,No. of Households,No. of Housing Units,PSU,STR,RPL
01,28,09,004,000,DINGRAS,Parado (Bangay),16,17,00055,21231,4
01,28,12,059,000,LAOAG CITY (Capital),Bgy. No. 12 San Isidro (Pob.),13,16,00092,21102,4
01,28,15,004,000,PAGUDPUD,Balaoi,19,20,00099,22223,4
01,28,16,004,000,PAOAY,Callaguip,17,17,00107,22112,4
01,28,23,001,000,VINTAR,Abkir,18,18,00160,21307,5
01,29,03,030,000,BANTAY,Barangay 1 (Pob.),1,1,00169,21137,4
01,29,03,032,000,BANTAY,Barangay 3 (Pob.),17,17,00169,21137,4
01,29,04,015,000,BURGOS,Mambug,20,20,00181,21214,4
01,29,20,003,000,SAN JUAN (LAPOG),Bannuar (Pob.),16,17,00268,22132,4
01,29,24,021,000,SANTA CRUZ,Las-ud,17,17,00289,21341,4
01,29,24,044,000,SANTA CRUZ,Suyo,3,3,00289,21341,4
01,29,30,021,000,SINAIT,Magsaysay,2,2,00330,22213,4
01,29,30,026,000,SINAIT,Nagongburan,17,17,00330,22213,4
01,29,30,037,000,SINAIT,Sallacapo,1,1,00330,22213,4
01,33,03,007,000,BACNOTAN,Baroro,20,21,00389,22108,4
01,33,06,010,000,BANGAR,General Prim East,1,1,00422,21226,4
01,33,06,011,000,BANGAR,General Prim West,21,19,00422,21226,4
01,33,10,004,000,LUNA,Barrientos,16,18,00457,22227,4
01,33,10,036,000,LUNA,Sucoc Norte,0,1,00457,22227,4
01,33,11,008,000,NAGUILIAN,Bancagan,17,17,00463,23115,4
01,33,11,018,000,NAGUILIAN,Daramuangan,1,1,00463,23115,4
01,33,14,059,003,CITY OF SAN FERNANDO (Capital),Tanqui,19,17,00498,21104,4
01,33,17,020,000,SANTO TOMAS,Pongpong,18,18,00531,23232,4
01,55,06,022,000,ASINGAN,Toboy,18,19,00618,23229,4
01,55,07,020,000,BALUNGAO,San Raymundo,17,18,00627,25214,4
01,55,10,013,000,BAUTISTA,Poblacion West,18,16,00656,26121,4
01,55,12,015,003,BINALONAN,Poblacion,20,16,00698,21115,4
01,55,13,011,000,BINMALEY,Caloocan Sur,14,16,00704,24114,4
01,55,15,010,000,BUGALLON,Hacienda,17,17,00738,27317,4
01,55,17,017,002,CALASIAO,Nalsian,17,17,00764,21226,4
01,55,17,020,000,CALASIAO,Quesban,15,17,00768,21327,4
01,55,23,014,000,MABINI,Nibaliw,18,20,00833,27205,4
01,55,25,007,000,MANAOAG,Bucao,19,21,00866,24328,4
01,55,26,003,001,MANGALDAN,Anolid,22,22,00889,25125,4
01,55,28,004,000,MAPANDAN,Baloling,17,17,00922,23324,4
01,55,31,013,000,ROSALES,Coliling,18,19,00957,25321,4
01,55,32,053,000,SAN CARLOS CITY,Matagdem,17,17,01002,26203,4
01,55,32,074,000,SAN CARLOS CITY,Quintong,18,18,00987,23110,4
01,55,35,013,000,SAN MANUEL,San Bonifacio,17,18,01040,26310,4
01,55,38,021,000,SANTA BARBARA,Poblacion Norte,17,17,01069,24223,4
01,55,39,004,000,SANTA MARIA,Cal-litang,18,18,01082,22216,4
01,55,43,023,000,TAYUG,Trenchera,22,21,01123,22105,4
01,55,45,001,000,URBIZTONDO,Angatel,19,19,01149,27115,4
01,55,47,003,001,VILLASIS,Barangobong,25,26,01181,22325,4
02,9,02,010,000,ITBAYAT,Santa Rosa (Kaynatuan),19,18,01202,21004,4
02,15,02,006,000,ALCALA,Baybayog,18,20,01222,23309,4
02,15,02,011,000,ALCALA,Centro Sur (Pob.),18,18,01223,23118,4
02,15,02,024,000,ALCALA,Tamban,15,18,01218,24117,4
02,15,03,010,000,ALLACAPAN,Centro East (Pob.),18,20,01227,21207,4
02,15,06,031,001,BAGGAO,Remus,16,16,01271,24217,4
02,15,06,032,000,BAGGAO,San Antonio,1,1,01271,24217,4
02,15,11,017,000,CLAVERIA,Centro VII (Malasin East),15,15,01312,22308,4
02,15,22,003,002,SANCHEZ-MIRA,Centro I (Pob.),21,23,01413,22226,4
02,15,26,010,000,SANTO NI헲 (FAIRE),Centro Norte (Pob.),19,19,01430,22111,4
02,15,27,034,000,SOLANA,Furagui,17,19,01448,24324,4
02,15,29,034,003,TUGUEGARAO CITY (Capital),Ugac Norte,17,21,01489,21106,4
02,15,29,045,000,TUGUEGARAO CITY (Capital),Libag Sur,20,17,01471,21303,4
02,31,02,020,000,ANGADANAN,Consular,17,17,01524,25206,4
02,31,02,047,000,ANGADANAN,Salay,1,1,01524,25206,4
02,31,04,007,000,BENITO SOLIVEN,District II (Pob.),18,18,01539,23108,4
02,31,08,044,000,CAUAYAN,Manaoag,20,19,01575,27223,4
02,31,09,006,000,CORDON,Gayong,17,17,01603,23214,4
02,31,14,067,000,ILAGAN (Capital),Osme人 (Sinippil),15,16,01664,21120,4
02,31,15,043,000,JONES,Usol,18,18,01687,22202,4
02,31,19,009,000,MALLIG,Centro II (Pob.),14,14,01704,24111,4
02,31,19,012,000,MALLIG,San Jose Sur,17,18,01703,26209,4
02,31,22,005,001,QUEZON,Barucboc Norte,17,17,01729,27111,4
02,31,26,005,000,ROXAS,Lanting,16,17,01757,25107,4
02,31,27,009,000,SAN AGUSTIN,Masaya Norte,17,17,01774,21206,4
02,31,30,002,000,SAN MANUEL,Babanuang,18,18,01793,26117,4
02,31,30,018,000,SAN MANUEL,Sandiat West,19,18,01791,24219,4
02,31,32,020,001,SAN MATEO,Barangay IV (Pob.),24,22,01821,22122,4
02,31,35,011,003,CITY OF SANTIAGO,Calaocan,17,17,01842,21009,4
02,50,03,014,000,BAGABAG,Tuao North,17,19,01904,21211,4
02,50,04,001,000,BAMBANG,Abian,17,18,01915,22122,4
02,50,04,007,001,BAMBANG,Banggot (Pob.),14,17,01906,21107,4
02,50,11,001,000,QUEZON,Aurora,19,18,01967,22206,4
02,57,03,023,000,DIFFUN,Maria Clara,18,19,02015,22018,4
02,57,06,011,001,NAGTIPUNAN,San Dionisio II,13,14,02038,21009,4
03,8,01,003,002,ABUCAY,Capitangan,18,18,02043,21103,4
03,8,05,006,000,HERMOSA,Burgos-Soliman (Pob.),14,16,02099,21225,4
03,8,05,009,000,HERMOSA,Daungan (Pob.),2,2,02099,21225,4
03,8,05,021,000,HERMOSA,Sumalo,15,18,02095,22113,4
03,8,08,004,001,MORONG,Poblacion,17,16,02131,22209,4
03,14,03,019,002,BALIUAG,Santa Barbara,18,18,02202,21114,4
03,14,04,004,000,BOCAUE,Batia,19,19,02216,21309,4
03,14,05,005,000,BULACAN,Maysantol,16,18,02233,23213,4
03,14,10,025,003,MALOLOS (Capital),Longos,16,20,02315,22210,4
03,14,10,029,002,MALOLOS (Capital),Mabolo,15,19,02318,21209,4
03,14,10,053,002,MALOLOS (Capital),Sumapang Matanda,19,22,02328,23217,4
03,14,11,005,001,MARILAO,Lias,14,15,02343,24125,4
03,14,11,006,006,MARILAO,Loma de Gato,18,18,02344,23308,4
03,14,12,015,003,MEYCAUAYAN,Malhacan,13,17,02365,23103,4
03,14,12,016,000,MEYCAUAYAN,Pajo,22,23,02366,22102,4
03,14,15,006,000,PANDI,Cacarong Bata,19,19,02400,24223,4
03,14,18,008,000,PULILAN,Dulong Malabon,17,17,02436,22211,4
03,14,20,004,008,SAN JOSE DEL MONTE,Kaypian,21,22,02473,22321,4
03,14,20,033,002,SAN JOSE DEL MONTE,Gumaoc East,17,17,02494,21229,4
03,14,21,006,000,SAN MIGUEL,Bardias,16,16,02539,24323,4
03,14,21,059,001,SAN MIGUEL,Tigpalas,16,16,02538,24219,4
03,49,01,038,000,ALIAGA,Santo Rosario,15,15,02603,23230,4
03,49,05,004,002,CARRANGLAN,Bunga,18,19,02697,26210,4
03,49,06,043,001,CUYAPO,San Antonio,22,22,02706,25217,4
03,49,07,008,001,GABALDON (BITULOK & SABANI),Cuyapa,14,16,02726,25117,4
03,49,08,001,000,GAPAN,Bayanihan,19,21,02734,22117,4
03,49,08,022,000,GAPAN,Maburak,14,15,02729,23121,4
03,49,12,003,000,JAEN,Hilera,17,17,02794,24137,4
03,49,14,009,001,LICAB,Santa Maria,16,16,02818,26132,4
03,49,19,003,001,PALAYAN CITY (Capital),Bo. Militar (Fort Magsaysay),16,18,02865,21201,4
03,49,21,013,001,PE헤RANDA,Sinasajan,5,5,02882,24224,4
03,49,25,002,002,SAN ISIDRO,Calaba,13,18,02928,21132,4
03,49,26,006,003,SAN JOSE CITY,Calaocan,14,12,02940,22202,4
03,54,01,003,014,ANGELES CITY,Balibago,4,4,03043,10005,4
03,54,01,026,002,ANGELES CITY,Santa Trinidad,17,14,03062,21005,4
03,54,01,028,006,ANGELES CITY,Santo Domingo,13,11,03064,22010,4
03,54,02,012,004,APALIT,San Vicente,13,13,03078,22114,4
03,54,06,021,001,FLORIDABLANCA,Pandaguirig,20,19,03134,23216,4
03,54,08,010,002,LUBAO,Lourdes (Lauc Pau),30,27,03173,25126,4
03,54,09,008,017,MABALACAT,Dau,7,8,03200,10003,4
03,54,09,011,003,MABALACAT,Lakandula,17,17,03202,24116,4
03,54,09,012,002,MABALACAT,Mabiga,18,19,03203,21117,4
03,54,10,009,000,MACABEBE,San Francisco,19,18,03228,21223,4
03,54,11,026,000,MAGALANG,Turu,16,17,03239,25230,4
03,54,16,032,002,SAN FERNANDO (Capital),Santa Lucia,17,20,03326,23103,4
03,54,18,011,002,SAN SIMON,San Pedro,14,16,03345,24202,4
03,54,21,006,003,SANTO TOMAS,San Matias,16,18,03371,22207,4
03,69,04,001,002,CAPAS,Aranguren,7,7,03411,10007,4
03,69,05,037,000,CONCEPCION,Santo Ni絪,18,18,03445,22238,4
03,69,06,011,000,GERONA,Cardona,16,17,03454,22338,4
03,69,10,003,000,PANIQUI,Aduas,17,18,03516,23225,4
03,69,11,004,002,PURA,Estipona,12,13,03531,22115,4
03,69,14,006,000,SAN MANUEL,Pacpaco,19,19,03545,23126,4
03,69,16,012,002,CITY OF TARLAC (Capital),Balingcanaway,17,17,03568,21203,4
03,69,16,052,004,CITY OF TARLAC (Capital),Matatalaib,15,14,03580,21108,4
03,71,07,017,001,OLONGAPO CITY,Pag-asa,16,16,03698,21005,4
03,71,12,014,000,SAN NARCISO,San Pascual (Pob.),18,18,03742,21027,4
03,71,13,004,000,SANTA CRUZ,Bayto,15,16,03745,22011,4
03,71,13,028,000,SANTA CRUZ,Tubotubo North,16,16,03752,23017,4
03,77,02,013,000,CASIGURAN,Dibet,15,15,03776,21049,4
05,5,02,021,000,CAMALIG,Libod,18,19,06285,21326,4
05,5,03,022,000,DARAGA (LOCSIN),Ilawod Area Pob. (Dist. 2),19,20,06306,21209,4
05,5,06,002,000,LEGAZPI CITY (Capital),Bgy. 64 - Bagacay (Bgy. 41 Bagacay),17,18,06350,23102,4
05,5,06,055,002,LEGAZPI CITY (Capital),Bgy. 38 - Gogon (Bgy. 54),18,19,06365,21103,4
05,5,07,031,002,LIBON,Pantao,14,16,06386,23224,4
05,5,13,003,000,PIO DURAN,Basicao Coastal,16,16,06470,23323,4
05,5,14,023,000,POLANGUI,Kinale,21,29,06488,22218,4
05,5,16,021,000,SANTO DOMINGO (LIBOG),San Isidro,20,22,06516,22110,4
05,5,17,049,000,TABACO,Tayhi (Pob.),20,22,06533,22315,4
05,16,01,019,000,BASUD,Pagsangahan,17,17,06563,22118,4
05,16,03,005,003,DAET (Capital),Borabod,21,22,06577,21214,4
05,16,10,011,000,SANTA ELENA,Don Tomas,20,20,06657,22204,4
05,16,12,016,001,VINZONS,Barangay III (Pob.),19,21,06676,21116,4
05,17,01,011,000,BAAO,Nababarera,1,1,06688,25111,4
05,17,01,021,000,BAAO,Pugay (San Rafael),18,18,06688,25111,4
05,17,09,007,000,CAMALIGAN,San Lucas (Pob.),15,19,06777,21109,4
05,17,09,013,002,CAMALIGAN,San Roque,16,16,06779,21201,4
05,17,09,015,000,CAMALIGAN,Santo Tomas (Pob.),3,3,06777,21109,4
05,17,10,014,000,CANAMAN,San Francisco,18,18,06786,25208,4
05,17,18,008,000,LIBMANAN,Bahay,12,17,06882,24117,4
05,17,18,021,000,LIBMANAN,Candato,17,17,06885,23208,4
05,17,18,061,000,LIBMANAN,San Juan,16,17,06875,22211,4
05,17,20,003,000,MAGARAO,Carangcang,18,19,06903,23124,4
05,17,24,026,002,NAGA CITY,San Felipe,16,17,06982,21012,4
05,17,27,007,001,PASACAO,Dalupaon,12,13,06978,25336,4
05,17,28,004,000,PILI (Capital),Binobong,19,20,07044,22128,4
05,17,34,026,000,SIPOCOT,Manangle,17,17,07111,24225,4
05,20,04,012,000,CARAMORAN,Icanbato (Pob.),13,14,07138,22022,4
05,20,04,018,000,CARAMORAN,Maysuran,1,1,07138,22022,4
05,20,06,014,000,PANDAN,Napo (Pob.),18,19,07137,21020,4
05,41,03,002,000,BALUD,Bongcanaway,2,2,07229,22130,4
05,41,03,012,000,BALUD,Jintotolo,17,19,07243,21218,4
05,41,03,025,000,BALUD,San Andres (Quinayangan Dacu),25,25,07243,21218,4
05,41,12,005,000,MILAGROS,Calasuche,17,19,07287,21129,4
05,41,14,011,000,MONREAL,Togoron,14,16,07275,23102,4
05,41,21,005,000,USON,Bonifacio,15,17,07348,23223,4
05,41,21,020,000,USON,Miaga,20,19,07360,22204,4
05,62,03,028,000,BULAN,Jamorawon,0,1,07400,23222,4
05,62,03,054,000,BULAN,San Juan Daan,14,15,07400,23222,4
05,62,04,008,000,BULUSAN,Mabuhay (Pob.),17,19,07392,22110,4
05,62,06,029,001,CASTILLA,San Isidro,25,27,07433,22225,4
05,62,12,004,000,MATNOG,Bariis,17,18,07466,23104,4
05,62,12,028,000,MATNOG,Manjunlad,1,1,07466,23104,4
05,62,16,006,004,SORSOGON (Capital),Bibincahan,24,23,06943,21210,4
05,62,16,030,001,SORSOGON (Capital),Sampaloc (Pob.),19,18,06945,21123,4
06,4,04,011,000,BATAN,Magpag-ong,20,21,07526,22040,4
06,4,07,015,001,KALIBO (Capital),Tigayon,21,22,07554,21028,4
06,4,15,003,000,NEW WASHINGTON,Dumaguit,19,19,07601,23003,4
06,6,01,004,000,ANINI-Y,Butuan,19,20,07626,21037,4
06,6,01,018,000,ANINI-Y,Sagua,1,2,07626,21037,4
06,6,06,005,000,CULASI,Batbatan Island,19,21,07647,22037,4
06,6,09,017,000,LAUA-AN,Latazon,0,1,07680,23003,4
06,6,09,039,000,LAUA-AN,Santiago,18,20,07680,23003,4
06,19,01,008,000,CUARTERO,Bito-on Ilaya,18,19,07764,22114,4
06,19,08,012,002,MAMBUSAO,Burias,17,18,07826,22227,4
06,19,09,006,000,PANAY,Bago Chiquito,0,1,07840,21236,4
06,19,09,019,000,PANAY,Calitan,23,22,07840,21236,4
06,19,14,035,002,ROXAS CITY (Capital),Libas,13,14,07893,21301,4
06,19,14,047,001,ROXAS CITY (Capital),Tanque,24,26,07903,21107,4
06,30,01,030,000,AJUY,Tagubanhan,21,22,07992,24239,4
06,30,07,014,000,BAROTAC NUEVO,Lagubang,18,19,08035,21320,4
06,30,15,026,002,CONCEPCION,Tambaliza,11,11,08106,25232,4
06,30,19,004,001,ESTANCIA,Botongan,21,17,08158,21122,4
06,30,21,030,000,IGBARAS,Pasong,18,19,08177,25118,4
06,30,21,044,000,IGBARAS,Talayatay,1,1,08177,25118,4
06,30,22,004,001,ILOILO CITY (Capital),Airport (Tabucan Airport),25,25,08245,22026,4
06,30,22,019,000,ILOILO CITY (Capital),Bito-on,17,22,08196,23023,4
06,30,22,044,000,ILOILO CITY (Capital),Democracia,18,18,08269,21015,4
06,30,23,009,000,JANIUAY,Bongol,19,20,08284,24107,4
06,30,28,047,000,LEON,Isian Norte,18,18,08333,23123,4
06,30,28,069,000,LEON,Panginman,1,1,08333,23123,4
06,30,28,083,000,LEON,Tina-an Sur,1,1,08333,23123,4
06,30,29,044,000,MAASIN,Sinubsuban,1,1,08345,22102,4
06,30,29,052,000,MAASIN,Tubang,21,23,08345,22102,4
06,30,36,004,001,PAVIA,Balabag,18,19,08418,21211,4
06,30,37,052,000,POTOTAN,Tumcon Ilaud,19,20,08436,22231,4
06,30,42,002,000,SAN RAFAEL,Bagacay,18,19,08479,23205,4
06,45,01,003,001,BACOLOD CITY (Capital),Banago,3,3,08551,10007,4
06,45,01,047,001,BACOLOD CITY (Capital),Estefania,19,19,08568,21010,4
06,45,01,051,010,BACOLOD CITY (Capital),Mansilingan,4,5,08572,10004,4
06,45,01,057,009,BACOLOD CITY (Capital),Taculing,8,8,08577,10002,4
06,45,01,059,011,BACOLOD CITY (Capital),Villamonte,8,9,08579,10001,4
06,45,01,060,002,BACOLOD CITY (Capital),Vista Alegre,19,21,08580,22010,4
06,45,04,007,000,CADIZ CITY,Barangay 5 Pob. (Zone 5),16,15,08622,22304,4
06,45,04,012,003,CADIZ CITY,Caduha-an,17,17,08626,22225,4
06,45,04,019,002,CADIZ CITY,Magsaysay,16,17,08632,23303,4
06,45,09,007,001,ESCALANTE,Dian-ay,16,18,08692,21325,4
06,45,10,002,002,HIMAMAYLAN,Buenavista,14,14,08708,24424,4
06,45,10,008,001,HIMAMAYLAN,Mambagaton,18,18,08713,23424,4
06,45,11,016,002,HINIGARAN,Miranda,18,18,08732,23126,4
06,45,15,004,002,CITY OF KABANKALAN,Camingawan,17,17,08778,24102,4
06,45,16,001,001,LA CARLOTA CITY,Ara-al,13,17,08810,23202,4
06,45,17,012,001,LA CASTELLANA,Robles (Pob.),13,14,08819,22125,4
06,45,20,009,002,MURCIA,Blumentritt,15,15,08840,22405,4
06,45,23,001,001,SAGAY CITY,Andres Bonifacio,15,19,08873,21407,4
06,45,23,016,010,SAGAY CITY,Paraiso,18,18,08887,21210,4
06,45,24,016,001,SAN CARLOS CITY,Prosperidad,18,18,08906,24204,4
06,45,27,013,002,SIPALAY,Manlucahoc,18,19,08941,24324,4
06,45,28,013,000,CITY OF TALISAY,Zone 14-B (Pob.),1,1,08960,21108,4
06,45,28,033,000,CITY OF TALISAY,Zone 14-A (Pob.),21,17,08960,21108,4
06,79,01,020,002,BUENAVISTA,New Poblacion (Calingao),18,18,07951,20007,4
07,12,14,019,000,CLARIN,Poblacion Norte,24,24,09083,23114,4
07,12,19,010,000,DAUIS,Tinago,19,19,09106,21230,4
07,12,21,002,000,DUERO,Angilan,17,18,09116,22113,4
07,12,21,005,000,DUERO,Cansuhay,2,2,09116,22113,4
07,12,24,009,000,INABANGA,Bugang,2,2,09133,24232,4
07,12,24,021,000,INABANGA,Fatima,15,19,09133,24232,4
07,12,29,017,000,LOBOC,Gon-ob,1,2,09172,21131,4
07,12,29,022,000,LOBOC,Poblacion Ondol,19,19,09172,21131,4
07,12,31,017,000,MABINI,San Isidro,19,19,09186,24139,4
07,12,42,002,002,TAGBILARAN CITY (Capital),Booy,13,13,09247,22205,4
07,12,43,017,000,TALIBON,Nocnocan,21,21,09270,23220,4
07,22,01,004,000,ALCANTARA,Lawaan,17,18,09322,25302,4
07,22,05,040,000,ARGAO,Talaytay,19,19,09348,25113,4
07,22,06,026,001,ASTURIAS,Tubigagmanok,15,18,09370,25216,4
07,22,08,017,000,BALAMBAN,Lamesa,18,18,09391,26113,4
07,22,11,010,001,BOGO,Don Pedro Rodriguez,16,18,09432,24223,4
07,22,14,010,001,CARCAR,Valencia,17,17,09468,24332,4
07,22,14,012,003,CARCAR,Poblacion I,14,13,09470,23328,4
07,22,17,015,002,CEBU CITY (Capital),Bulacao,22,22,09501,22208,4
07,22,17,029,006,CEBU CITY (Capital),Guadalupe,11,11,09511,10001,4
07,22,17,032,002,CEBU CITY (Capital),Inayawan,21,17,09514,22105,4
07,22,17,041,005,CEBU CITY (Capital),Lahug (Pob.),6,9,09520,10008,4
07,22,17,049,004,CEBU CITY (Capital),Mambaling,21,12,09524,10007,4
07,22,17,062,001,CEBU CITY (Capital),Punta Princesa,25,24,09531,21114,4
07,22,17,064,007,CEBU CITY (Capital),Sambag I (Pob.),24,23,09533,21206,4
07,22,19,012,000,CONSOLACION,Pitogo,20,20,09577,23120,4
07,22,19,017,000,CONSOLACION,Sacsac,18,20,09580,24128,4
07,22,26,012,005,LAPU-LAPU CITY (OPON),Gun-ob,9,9,09671,10009,4
07,22,26,017,001,LAPU-LAPU CITY (OPON),Marigondon,26,28,09675,22102,4
07,22,26,018,002,LAPU-LAPU CITY (OPON),Pajac,27,29,09676,21102,4
07,22,26,022,001,LAPU-LAPU CITY (OPON),Punta Enga絪,16,16,09679,21205,4
07,22,30,008,000,MANDAUE CITY,Casili,21,25,09728,22009,4
07,22,30,021,005,MANDAUE CITY,Pagsabungan,16,18,09725,21009,4
07,22,34,014,002,NAGA,Langtad,19,21,09763,22310,4
07,22,43,013,000,SAN REMIGIO,Kinawahan,16,19,09855,26336,4
07,22,48,002,000,TABOGON,Caduawan,18,20,09890,26214,4
07,22,50,004,002,TALISAY,Dumlog,28,30,09904,22219,4
07,22,50,013,001,TALISAY,Pooc,26,27,09912,21316,4
07,22,51,011,002,TOLEDO CITY,Canlumampao,15,17,09931,23204,4
07,46,04,027,000,BAIS CITY,Rosario,1,1,10006,22102,4
07,46,04,032,000,BAIS CITY,Talungon,21,26,10006,22102,4
07,46,06,012,001,BAYAWAN (TULONG),Mandu-ao,17,17,10017,23209,4
07,46,10,001,002,DUMAGUETE CITY (Capital),Bagacay,10,10,10052,21110,4
07,46,13,006,000,LA LIBERTAD,Cangabo,15,15,10103,23317,4
07,46,14,021,000,MABINAY,Luyang,18,18,10121,22229,4
07,46,19,027,000,SIATON,Tayak,18,18,10158,23125,4
07,46,20,010,000,SIBULAN,Maningcao,23,23,10167,21314,4
07,46,21,014,000,TANJAY,Poblacion VII (Barangay 7),17,20,10192,21219,4
07,46,25,006,002,ZAMBOANGUITA,Mayabon,16,17,10216,22303,4
07,61,03,008,000,LAZI,Kinamandagan,18,19,10231,21017,4
08,26,06,004,000,DOLORES,Cabago-an,2,2,10325,22124,4
08,26,06,018,000,DOLORES,Magsaysay,12,13,10325,22124,4
08,26,06,043,000,DOLORES,Santo Ni絪,15,18,10329,22224,4
08,26,09,050,002,GUIUAN,Sulangan,14,15,10341,21226,4
08,26,22,007,000,SULAT,Maglipay (Pob.),20,21,10399,21110,4
08,26,22,008,000,SULAT,Maramara (Pob.),2,2,10399,21110,4
08,37,07,029,001,BATO,Tabunok,20,20,10464,26133,4
08,37,08,013,000,BAYBAY,Bunga,19,21,10471,22222,4
08,37,14,011,000,CAPOOCAN,Manloy,0,1,10524,25217,4
08,37,14,015,000,CAPOOCAN,Poblacion Zone I,19,19,10524,25217,4
08,37,19,020,001,HILONGOS,Liberty,17,17,10572,24225,4
08,37,19,020,002,HILONGOS,Liberty,1,1,10572,24225,4
08,37,23,010,001,JARO,Canhandugan,12,14,10605,23223,4
08,37,23,010,002,JARO,Canhandugan,1,1,10605,23223,4
08,37,24,007,000,JAVIER (BUGHO),Caranhug,3,3,10622,26209,4
08,37,24,020,000,JAVIER (BUGHO),Picas Norte,15,18,10622,26209,4
08,37,28,033,000,LA PAZ,Santa Elena,18,21,10641,27108,4
08,37,29,008,001,LEYTE,Consuegra,16,16,10652,27224,4
08,37,31,003,000,MAHAPLAG,Hilusig,19,19,10659,21218,4
08,37,38,070,000,ORMOC CITY,Milagro,23,26,10731,21015,4
08,37,38,072,000,ORMOC CITY,Nasunogan,17,17,10722,22010,4
08,37,40,014,000,PALOMPON,Duljugan,19,20,10761,22123,4
08,37,40,050,000,PALOMPON,Pinagdait Pob. (Ypil I),21,21,10765,21120,4
08,37,47,136,001,TACLOBAN CITY (Capital),Barangay 108 (Utap),20,20,10829,24101,4
08,37,51,026,000,VILLABA,Silad,20,21,10865,23122,4
08,37,51,027,000,VILLABA,Sulpa,19,19,10868,25125,4
08,48,05,003,001,CATARMAN (Capital),Baybay,17,20,10892,22126,4
08,48,06,051,000,CATUBIG,Barangay 7 (Pob.),1,1,10903,21216,4
08,48,06,052,000,CATUBIG,Barangay 8 (Pob.),17,17,10903,21216,4
08,48,10,022,000,LAS NAVAS,Lourdes,18,20,10934,21121,4
08,48,10,023,000,LAS NAVAS,Mabini,1,2,10934,21121,4
08,48,16,007,000,ROSARIO,Salhag,20,20,10970,22206,4
08,60,03,010,001,CALBAYOG CITY,Balud (Pob.),23,23,11053,21125,4
08,60,03,034,000,CALBAYOG CITY,Cag-anibong,2,2,11050,23132,4
08,60,03,050,001,CALBAYOG CITY,Dagum,17,21,11024,21225,4
08,60,03,139,000,CALBAYOG CITY,San Rufino,15,17,11050,23132,4
08,60,06,002,000,DARAM,Astorga,19,21,11086,23219,4
08,60,12,002,000,MOTIONG,Poblacion I-A,22,22,11117,22108,4
08,60,12,009,000,MOTIONG,Calapi,17,18,11115,22204,4
08,64,02,017,000,BONTOC,Hitawos,1,1,11190,23024,4
08,64,02,031,000,BONTOC,Taa,23,23,11190,23024,4
08,64,03,003,000,HINUNANGAN,Bangcas A,24,29,11195,21029,4
08,64,15,008,000,SAN RICARDO,Poblacion,17,18,11270,22023,4
08,64,15,009,000,SAN RICARDO,San Antonio (Alangalang),1,1,11270,22023,4
08,78,01,007,000,ALMERIA,Poblacion,18,20,10252,21002,4
08,78,08,017,001,NAVAL (Capital),Santissimo Rosario Pob. (Santo Rosa),16,17,10286,22009,4
09,72,02,007,003,DIPOLOG CITY (Capital),Minaog,18,16,11320,22106,4
09,72,02,013,003,DIPOLOG CITY (Capital),Miputak (Pob.),15,13,11326,21105,4
09,72,06,001,000,LILOY,Banigan,14,17,11359,21221,4
09,72,06,002,001,LILOY,Baybay (Pob.),16,17,11356,23122,4
09,72,06,025,000,LILOY,San Miguel,1,1,11359,21221,4
09,72,11,002,000,PRES. MANUEL A. ROXAS,Canibongan,22,22,11401,25219,4
09,72,14,030,000,SERGIO OSME헤 SR.,San Isidro,16,16,11424,23205,4
09,72,16,018,000,SIBUCO,Poblacion,18,18,11436,24103,4
09,72,18,004,000,SINDANGAN,Binuangan,15,15,11448,22221,4
09,72,18,007,000,SINDANGAN,Dicoyong,16,16,11459,24224,4
09,72,20,011,000,SIRAWAI,Do人 Cecilia,24,24,11473,25102,4
09,73,02,042,003,AURORA,Poblacion,17,17,11529,21118,4
09,73,08,013,000,DUMINGAG,Guitran,15,17,11557,25104,4
09,73,12,022,001,LABANGAN,Tawagan Norte,17,17,11578,22121,4
09,73,18,003,000,MIDSALIP,Bibilop,17,17,11614,22221,4
09,73,19,012,000,MOLAVE,Gonosan,16,17,11626,23208,4
09,73,22,016,000,PAGADIAN CITY (Capital),Deborok,1,1,11643,24202,4
09,73,22,029,000,PAGADIAN CITY (Capital),Lourdes,13,14,11643,24202,4
09,73,27,005,000,TABINA,Concepcion,15,15,11684,23111,4
09,73,30,016,000,TUKURAN,Navalan,16,17,11698,24122,4
09,73,30,023,002,TUKURAN,Santo Ni絪 (Pob.),14,15,11702,21215,4
09,73,32,004,003,ZAMBOANGA CITY,Baliwasan,8,8,11720,10002,4
09,73,32,024,001,ZAMBOANGA CITY,Curuan,16,18,11732,22208,4
09,73,32,031,001,ZAMBOANGA CITY,Guiwan,14,14,11734,21205,4
09,73,32,051,002,ZAMBOANGA CITY,Manicahan,13,13,11744,22118,4
09,73,32,059,002,ZAMBOANGA CITY,Pasonanca,7,7,11747,10005,4
09,73,32,065,005,ZAMBOANGA CITY,Putik,10,10,11750,21108,4
09,73,32,067,004,ZAMBOANGA CITY,Recodo,8,8,11752,10011,4
09,73,32,072,007,ZAMBOANGA CITY,San Roque,4,4,11756,10006,4
09,73,32,076,005,ZAMBOANGA CITY,Santa Maria,6,6,11760,10003,4
09,73,32,085,004,ZAMBOANGA CITY,Talon-talon,6,6,11766,10008,4
09,73,32,087,015,ZAMBOANGA CITY,Tetuan,8,12,11768,10001,4
09,73,32,094,003,ZAMBOANGA CITY,Tumaga,10,10,11773,10007,4
09,73,40,005,000,SOMINOT (DON MARIANO MARCOS),Datagan,12,12,11793,25202,4
09,83,01,011,000,ALICIA,La Paz,17,20,11814,22320,4
09,83,03,008,002,DIPLAHAN,Guinoman,16,16,11832,21206,4
09,83,05,013,000,IPIL,Lower Ipil Heights,16,15,11849,21102,4
09,83,06,026,000,KABASALAN,Sininan,12,15,11861,22112,4
09,83,16,026,000,TUNGAWAN,Timbabauan,8,14,11952,22220,4
09,97,01,039,000,ISABELA CITY,Panunsulan,16,16,11956,21013,4
10,13,01,015,001,BAUNGON,San Vicente,17,18,11971,23210,4
10,13,04,023,000,DON CARLOS,Pualas,17,19,11992,24221,4
10,13,04,030,000,DON CARLOS,Bismartz,14,16,11991,24120,4
10,13,11,006,001,LIBONA,Laturan,16,16,12056,21109,4
10,13,12,014,002,CITY OF MALAYBALAY (Capital),Dalwangan,14,14,12067,22201,4
10,13,15,006,002,MARAMAG,Dagumba-an,7,7,12111,21212,4
10,13,15,012,001,MARAMAG,Panadtalan,18,19,12115,23120,4
10,13,20,002,000,TALAKAG,Baylanan,17,16,12161,25209,4
10,13,20,030,000,TALAKAG,Tagbak,15,15,12163,25108,4
10,13,21,018,000,VALENCIA,Maapag,15,16,12187,22122,4
10,18,04,011,003,MAMBAJAO (Capital),Poblacion,21,21,12215,21002,4
10,35,01,006,000,BACOLOD,Demologan,20,20,12222,21216,4
10,35,02,015,001,BALOI,Maria-Cristina,15,15,12230,21126,4
10,35,03,003,000,BAROY,Baroy Daku,16,16,12239,22106,4
10,35,04,016,001,ILIGAN CITY,Palao,18,19,12250,21008,4
10,35,04,029,000,ILIGAN CITY,Tominobo Upper,18,18,12254,22009,4
10,35,04,030,007,ILIGAN CITY,Tubod,8,9,12261,10007,4
10,35,04,040,001,ILIGAN CITY,Hindang,14,14,12277,23006,4
10,35,19,002,002,SAPAD,Buriasan (Pob.),13,15,12372,22211,4
10,42,07,015,000,JIMENEZ,Palilan,16,21,12434,21219,4
10,42,10,002,004,OZAMIS CITY,Banadero (Pob.),24,24,12476,21114,4
10,42,12,012,000,PLARIDEL,Eastern Looc,16,16,12504,22222,4
10,42,14,018,001,SINACABAN,Sinonoc,9,10,12518,21319,4
10,42,14,018,002,SINACABAN,Sinonoc,1,1,12518,21319,4
10,42,16,002,000,TUDELA,Barra,16,18,12539,22123,4
10,43,02,003,001,BALINGASAG,Baliwagan,19,19,12557,23226,4
10,43,05,001,001,CAGAYAN DE ORO CITY (Capital),Agusan,16,17,12601,21012,4
10,43,05,005,003,CAGAYAN DE ORO CITY (Capital),Balulang,9,15,12599,10004,4
10,43,05,042,008,CAGAYAN DE ORO CITY (Capital),Camaman-an,7,8,12595,10012,4
10,43,05,043,002,CAGAYAN DE ORO CITY (Capital),Canito-an,15,18,12594,22002,4
10,43,05,049,006,CAGAYAN DE ORO CITY (Capital),Gusa,8,8,12589,10003,4
10,43,05,053,018,CAGAYAN DE ORO CITY (Capital),Lapasan,13,11,12585,10002,4
10,43,05,056,001,CAGAYAN DE ORO CITY (Capital),Macasandig,6,5,12582,10008,4
10,43,06,002,000,CLAVERIA,Aposkahoy,16,16,12615,21211,4
10,43,07,015,002,EL SALVADOR,Sinaloc,20,20,12628,23111,4
10,43,11,007,001,JASAAN,Lower Jasaan (Pob.),23,23,12678,21113,4
10,43,18,008,000,MANTICAO,Paniangan,19,20,12714,22217,4
10,43,18,012,001,MANTICAO,Tuod,15,15,12717,22121,4
10,43,22,011,001,SALAY,Poblacion,29,30,12741,21315,4
11,23,01,009,000,ASUNCION (SAUG),Camansa,18,18,12766,23622,4
11,23,01,029,000,ASUNCION (SAUG),New Bantayan,17,17,12769,22407,4
11,23,05,021,004,KAPALONG,Maniki (Poblacion),12,12,12802,21211,4
11,23,05,032,000,KAPALONG,Pinamuno,19,20,12800,23525,4
11,23,14,014,002,NEW CORELLA,Poblacion,24,26,12818,22310,4
11,23,19,011,009,CITY OF TAGUM (Capital),Mankilam,18,20,12890,11001,4
11,23,19,025,002,CITY OF TAGUM (Capital),Magugpo South,12,14,12898,21104,4
11,24,01,025,001,BANSALAN,Poblacion Dos,19,20,12916,21113,4
11,24,02,003,000,DAVAO CITY,Alambre,22,21,12945,23601,4
11,24,02,020,019,DAVAO CITY,Bucana,20,21,12958,12014,4
11,24,02,022,001,DAVAO CITY,Bunawan (Pob.),4,4,12960,12012,4
11,24,02,026,008,DAVAO CITY,Calinan (Pob.),6,6,12962,12010,4
11,24,02,036,007,DAVAO CITY,Crossing Bayabas,9,9,12968,23501,4
11,24,02,061,013,DAVAO CITY,Ma-a,7,9,12981,12016,4
11,24,02,069,001,DAVAO CITY,Mandug,22,23,12985,22403,4
11,24,02,073,004,DAVAO CITY,Marilog,16,17,12988,24716,4
11,24,02,075,010,DAVAO CITY,Matina Crossing,17,19,12990,12001,4
11,24,02,087,012,DAVAO CITY,Panacan,9,9,12994,12011,4
11,24,02,106,001,DAVAO CITY,Suawan (Tuli),27,27,12999,24821,4
11,24,02,116,023,DAVAO CITY,Talomo (Pob.),6,6,13001,12015,4
11,24,02,152,012,DAVAO CITY,Barangay 19-B (Pob.),9,10,13019,12005,4
11,24,02,164,001,DAVAO CITY,Barangay 31-D (Pob.),15,17,13026,22302,4
11,24,02,179,003,DAVAO CITY,Centro (San Juan),16,16,13032,21201,4
11,24,02,194,002,DAVAO CITY,Ubalde,17,19,13042,21112,4
11,24,04,012,000,HAGONOY,Lapulabao,15,22,13068,22412,4
11,24,04,023,000,HAGONOY,San Guillermo,1,1,13068,22412,4
11,24,07,015,002,MAGSAYSAY,Poblacion,14,14,13108,21208,4
11,24,09,007,000,MALITA,Felis,16,20,13121,23610,4
11,24,12,004,001,SANTA CRUZ,Darong,14,16,13160,22321,4
11,24,13,011,001,SANTA MARIA,San Agustin,25,28,13183,22527,4
11,24,16,005,000,DON MARCELINO,Nueva Villa,16,18,13201,23712,4
11,25,03,006,000,BOSTON,Sibajay,14,14,13222,22301,4
11,25,07,006,002,LUPON,Calapagan,15,17,13248,21108,4
11,25,07,016,000,LUPON,Macangao,13,18,13251,21206,4
11,25,09,005,008,MATI (Capital),Central (Pob.),5,5,13269,11006,4
11,25,09,006,000,MATI (Capital),Culian,18,18,13268,22418,4
11,82,04,031,000,MACO,Mainit,1,1,13332,22427,4
11,82,04,032,000,MACO,New Barili,24,29,13332,22427,4
11,82,07,017,001,MONKAYO,San Jose,18,18,13375,22321,4
11,82,07,022,004,MONKAYO,Mount Diwata,7,7,13379,11004,4
11,82,09,011,004,NABUNTURAN,Mainit,17,17,13393,21214,4
11,82,10,008,000,NEW BATAAN,Magangit,16,16,13406,21102,4
11,82,11,011,001,PANTUKAN,Tibagon,16,14,13421,22514,4
12,47,02,021,000,CARMEN,Macabenban,6,6,13633,10017,4
12,47,03,008,002,KABACAN,Kayaga,32,30,13443,22215,4
12,47,04,032,003,CITY OF KIDAPAWAN (Capital),Poblacion,7,6,13463,10002,4
12,47,04,038,001,CITY OF KIDAPAWAN (Capital),Singao,11,11,13464,21104,4
12,47,08,008,000,MATALAM,Estado,18,18,13521,22310,4
12,47,09,008,000,MIDSAYAP,Bual Norte,17,17,13541,21319,4
12,47,09,032,000,MIDSAYAP,Nes,18,18,13528,23218,4
12,47,10,014,000,M'LANG,Lepaga,21,21,13568,23120,4
12,47,11,007,002,PIGKAWAYAN,Bulucaon,18,18,13579,21214,4
12,47,12,060,000,PIKIT,Tinutulan,15,15,13583,23316,4
12,47,14,005,001,TULUNAN,Bual,21,22,13619,22119,4
12,63,02,021,002,BANGA,San Jose (Barrio 7),20,19,13664,22118,4
12,63,03,011,018,GENERAL SANTOS CITY (DADIANGAS),Lagao (1st & 3rd),16,19,13674,10011,4
12,63,03,023,013,GENERAL SANTOS CITY (DADIANGAS),San Isidro (Lagao 2nd),10,10,13678,10008,4
12,63,03,028,002,GENERAL SANTOS CITY (DADIANGAS),Tinagacan,19,22,13682,22006,4
12,63,03,033,001,GENERAL SANTOS CITY (DADIANGAS),Calumpang,15,16,13686,10014,4
12,63,03,033,030,GENERAL SANTOS CITY (DADIANGAS),Calumpang,1,1,13686,10014,4
12,63,03,036,002,GENERAL SANTOS CITY (DADIANGAS),Dadiangas South,10,10,13689,21003,4
12,63,03,037,013,GENERAL SANTOS CITY (DADIANGAS),Dadiangas West,11,10,13690,10010,4
12,63,06,008,008,KORONADAL (Capital),General Paulino Santos (Bo. 1),7,7,13700,10009,4
12,63,06,015,002,KORONADAL (Capital),Paraiso,26,27,13695,23319,4
12,63,12,016,003,POLOMOLOK,Magsaysay,17,20,13729,21201,4
12,63,12,024,002,POLOMOLOK,Cannery Site,7,7,13733,10001,4
12,63,14,006,003,TAMPAKAN,Poblacion,16,17,13754,21102,4
12,63,16,017,000,T'BOLI,Afus,20,23,13782,23122,4
12,63,18,002,002,SANTO NI헲,Guinsang-an,16,18,13797,22209,4
12,63,19,018,000,LAKE SEBU,Upper Maculan,18,18,13811,23210,4
12,65,01,003,001,BAGUMBAYAN,Busok,16,16,13817,22214,4
12,65,04,009,001,ISULAN (Capital),Dansuli,21,21,13849,21208,4
12,65,06,020,001,LEBAK,Salaman,23,20,13875,23111,4
12,65,09,042,001,PALIMBANG,Balwan (Bulan),14,20,13904,22112,4
12,65,12,004,001,SEN. NINOY AQUINO,Bugso,18,18,13937,23207,4
12,65,12,011,002,SEN. NINOY AQUINO,Kulaman,15,18,13938,21102,4
12,80,01,010,007,ALABEL (Capital),Poblacion (Alabel),11,11,13953,10015,4
12,80,02,027,000,GLAN,Small Margus,16,18,13974,22220,4
12,80,02,029,001,GLAN,Taluya,22,21,13971,21219,4
12,80,03,005,001,KIAMBA,Katubao,20,20,13978,21108,4
12,80,06,001,001,MALAPATAN,Daan Suyan,19,20,14009,22115,4
12,98,04,023,001,COTABATO CITY,Rosary Heights IV,18,19,14057,21006,4
12,98,04,035,000,COTABATO CITY,Tamontaka III,5,5,14067,22012,4
13,39,01,105,007,TONDO,Barangay 105,3,3,14120,13015,4
13,39,01,119,002,TONDO,Barangay 119,10,10,14129,22221,4
13,39,01,147,000,TONDO,Barangay 147,21,18,14154,26212,4
13,39,01,151,000,TONDO,Barangay 151,12,11,14156,23208,4
13,39,01,199,002,TONDO,Barangay 199,25,19,14166,21227,4
13,39,01,254,000,TONDO,Barangay 253,13,12,14192,24216,4
13,39,02,002,000,BINONDO,Barangay 288,11,11,14205,24101,4
13,39,05,014,001,SANTA CRUZ,Barangay 312,18,16,14227,27125,4
13,39,06,107,000,SAMPALOC,Barangay 501,11,11,14294,25202,4
13,39,06,120,000,SAMPALOC,Barangay 514,14,13,14297,27207,4
13,39,07,012,002,SAN MIGUEL,Barangay 648,10,4,14358,25102,4
13,39,10,047,000,MALATE,Barangay 732,11,11,14376,21107,4
13,39,11,031,000,PACO,Barangay 817,10,10,14393,23105,4
13,39,13,001,005,PORT AREA,Barangay 649,3,3,14429,13054,4
13,39,14,038,000,SANTA ANA,Barangay 782,14,14,14450,22121,4
13,39,14,061,000,SANTA ANA,Barangay 805,16,18,14459,26116,4
13,74,04,005,007,QUEZON CITY,Baesa,11,9,14545,12044,4
13,74,04,009,019,QUEZON CITY,Bagong Pag-asa,5,7,14549,12018,4
13,74,04,012,019,QUEZON CITY,Bahay Toro,7,8,14552,12046,4
13,74,04,020,006,QUEZON CITY,Central,6,5,14559,12041,4
13,74,04,022,012,QUEZON CITY,Commonwealth,13,12,14561,12043,4
13,74,04,025,024,QUEZON CITY,Culiat,32,30,14564,12051,4
13,74,04,029,004,QUEZON CITY,Del Monte,16,15,14568,24001,4
13,74,04,031,002,QUEZON CITY,Do人 Imelda,10,7,14570,12028,4
13,74,04,041,008,QUEZON CITY,Fairview,9,10,14578,12038,4
13,74,04,046,007,QUEZON CITY,Kaligayahan,14,15,14583,12074,4
13,74,04,049,001,QUEZON CITY,Katipunan,11,7,14585,23008,4
13,74,04,051,005,QUEZON CITY,Krus Na Ligas,3,3,14587,12006,4
13,74,04,058,004,QUEZON CITY,Manresa,2,3,14594,12076,4
13,74,04,064,006,QUEZON CITY,Masambong,12,9,14600,27003,4
13,74,04,066,016,QUEZON CITY,Matandang Balara,12,13,14602,12056,4
13,74,04,071,002,QUEZON CITY,Obrero,7,9,14607,29001,4
13,74,04,076,002,QUEZON CITY,Paltok,3,3,14611,12019,4
13,74,04,079,006,QUEZON CITY,Pasong Putik Proper (Pasong Putik),8,8,14614,12050,4
13,74,04,082,008,QUEZON CITY,Pinyahan,5,5,14617,12064,4
13,74,04,084,005,QUEZON CITY,Project 6,14,14,14619,28005,4
13,74,04,090,007,QUEZON CITY,Roxas,3,3,14624,12002,4
13,74,04,096,004,QUEZON CITY,San Antonio,4,3,14629,12032,4
13,74,04,102,005,QUEZON CITY,San Roque,2,3,14635,12023,4
13,74,04,106,012,QUEZON CITY,Santa Monica,5,6,14639,12062,4
13,74,04,112,003,QUEZON CITY,Sienna,6,6,14645,21001,4
13,74,04,115,008,QUEZON CITY,Socorro,4,4,14647,12001,4
13,74,04,120,021,QUEZON CITY,Tandang Sora,7,8,14651,12061,4
13,74,04,124,007,QUEZON CITY,U.P. Campus,8,8,14655,12073,4
13,74,04,125,002,QUEZON CITY,U.P. Village,13,13,14608,25001,4
13,74,04,132,003,QUEZON CITY,West Kamias,8,8,14660,26006,4
13,74,04,134,002,QUEZON CITY,White Plains,13,13,14662,22007,4
13,74,04,138,035,QUEZON CITY,Payatas,6,6,14666,12066,4
13,74,04,139,017,QUEZON CITY,Batasan Hills,14,14,14667,12020,4
13,74,04,141,001,QUEZON CITY,Greater Lagro,3,3,14669,12015,4
13,74,01,007,001,CITY OF MANDALUYONG,Burol,11,11,14484,21021,4
13,74,01,017,005,CITY OF MANDALUYONG,Mauway,15,13,14493,12054,4
13,74,01,024,003,CITY OF MANDALUYONG,Poblacion,4,3,14500,12013,4
13,74,02,002,001,CITY OF MARIKINA,Calumpang,3,4,14505,12052,4
13,74,02,003,012,CITY OF MARIKINA,Concepcion Uno,14,13,14506,12022,4
13,74,02,005,012,CITY OF MARIKINA,Malanday,12,10,14508,12021,4
13,74,02,007,011,CITY OF MARIKINA,Parang,13,14,14510,12017,4
13,74,02,010,012,CITY OF MARIKINA,Santo Ni絪,11,10,14511,12035,4
13,74,03,001,009,CITY OF PASIG,Bagong Ilog,7,7,14513,12077,4
13,74,03,005,004,CITY OF PASIG,Caniogan,8,7,14517,12048,4
13,74,03,006,002,CITY OF PASIG,Dela Paz,13,13,14518,21009,4
13,74,03,011,005,CITY OF PASIG,Manggahan,13,13,14523,12034,4
13,74,03,014,001,CITY OF PASIG,Palatiw,4,3,14526,12071,4
13,74,03,016,011,CITY OF PASIG,Pineda,3,3,14528,12009,4
13,74,03,022,014,CITY OF PASIG,San Miguel,4,4,14533,12025,4
13,74,03,029,009,CITY OF PASIG,Ugong,5,3,14538,12058,4
13,74,03,031,016,CITY OF PASIG,Napico,4,4,14540,12012,4
13,74,05,016,004,SAN JUAN,Salapan,11,11,14684,21014,4
13,75,01,008,010,KALOOKAN CITY,Barangay 8,6,6,14721,13023,4
13,75,01,014,002,KALOOKAN CITY,Barangay 14,3,3,14723,13043,4
13,75,01,018,001,KALOOKAN CITY,Barangay 18,12,12,14726,22010,4
13,75,01,035,010,KALOOKAN CITY,Barangay 35,3,3,14740,13022,4
13,75,01,140,000,KALOOKAN CITY,Barangay 140,11,11,14771,21015,4
13,75,01,154,001,KALOOKAN CITY,Barangay 154,13,15,14784,24011,4
13,75,01,160,005,KALOOKAN CITY,Barangay 160,8,8,14789,13027,4
13,75,01,163,004,KALOOKAN CITY,Barangay 163,15,15,14792,23010,4
13,75,01,166,008,KALOOKAN CITY,Barangay 166,2,3,14795,13012,4
13,75,01,168,004,KALOOKAN CITY,Barangay 168,1,3,14797,13013,4
13,75,01,172,004,KALOOKAN CITY,Barangay 172,3,3,14801,13010,4
13,75,01,175,017,KALOOKAN CITY,Barangay 175,6,7,14804,13039,4
13,75,01,176,067,KALOOKAN CITY,Barangay 176,7,4,14805,13020,4
13,75,01,176,084,KALOOKAN CITY,Barangay 176,12,12,14805,13020,4
13,75,01,178,005,KALOOKAN CITY,Barangay 178,11,15,14807,13032,4
13,75,01,181,006,KALOOKAN CITY,Barangay 181,3,3,14810,13044,4
13,75,01,187,001,KALOOKAN CITY,Barangay 187,3,3,14815,13017,4
13,75,01,188,004,KALOOKAN CITY,Barangay 188,11,11,14816,25003,4
13,75,01,188,005,KALOOKAN CITY,Barangay 188,1,1,14816,25003,4
13,75,02,005,003,MALABON,Concepcion,3,3,14821,13030,4
13,75,02,008,003,MALABON,Hulong Duhat,13,14,14824,21005,4
13,75,02,015,005,MALABON,Potrero,5,5,14831,13036,4
13,75,02,019,008,MALABON,Tinajeros,8,9,14835,13009,4
13,75,02,021,002,MALABON,Tugatog,5,5,14837,13049,4
13,75,03,007,003,NAVOTAS,Navotas West,10,10,14843,21001,4
13,75,03,008,001,NAVOTAS,North Bay Blvd. North,3,3,14844,13053,4
13,75,03,010,014,NAVOTAS,San Jose (Pob.),7,6,14846,13052,4
13,75,03,013,005,NAVOTAS,Tangos,4,4,14849,13045,4
13,75,04,002,001,CITY OF VALENZUELA,Bagbaguin,3,3,14852,13008,4
13,75,04,008,006,CITY OF VALENZUELA,Karuhatan,3,3,14858,13005,4
13,75,04,009,003,CITY OF VALENZUELA,Coloong,13,13,14859,21001,4
13,75,04,011,013,CITY OF VALENZUELA,Hen. T. De Leon,28,27,14861,13026,4
13,75,04,012,002,CITY OF VALENZUELA,Isla,14,13,14862,22002,4
13,75,04,016,002,CITY OF VALENZUELA,Malanday,4,5,14865,13050,4
13,75,04,018,008,CITY OF VALENZUELA,Mapulang Lupa,3,3,14867,13025,4
13,75,04,020,001,CITY OF VALENZUELA,Maysan,3,3,14869,13004,4
13,75,04,031,003,CITY OF VALENZUELA,Viente Reales,3,3,14878,13001,4
13,76,02,003,009,CITY OF MAKATI,Cembo,5,6,14902,11001,4
13,76,02,007,010,CITY OF MAKATI,East Rembo,7,6,14906,11019,4
13,76,02,010,002,CITY OF MAKATI,Guadalupe Viejo,7,3,14908,11035,4
13,76,02,015,002,CITY OF MAKATI,Palanan,5,6,14913,11028,4
13,76,02,018,003,CITY OF MAKATI,Pio Del Pilar,3,4,14916,11039,4
13,76,02,020,002,CITY OF MAKATI,Poblacion,4,4,14918,11010,4
13,76,02,026,001,CITY OF MAKATI,Santa Cruz,19,19,14923,21011,4
13,76,02,028,003,CITY OF MAKATI,South Cembo,3,3,14925,11002,4
13,76,02,032,002,CITY OF MAKATI,West Rembo,5,6,14929,11021,4
13,76,06,007,004,PATEROS,Santa Ana,10,9,15038,11027,4
13,76,06,008,003,PATEROS,Santo Rosario-Kanluran,11,10,15039,21004,4
13,76,07,002,013,TAGUIG,Bagumbayan,10,10,15044,11033,4
13,76,07,008,020,TAGUIG,Lower Bicutan,16,15,15049,11009,4
13,76,07,016,005,TAGUIG,Ususan,8,10,15045,11031,4
13,76,07,018,036,TAGUIG,Western Bicutan,15,15,15047,11044,4
13,76,01,006,008,CITY OF LAS PI헤S,Pamplona Uno,3,4,14885,11007,4
13,76,01,008,002,CITY OF LAS PI헤S,Talon Uno,3,3,14887,11024,4
13,76,01,010,006,CITY OF LAS PI헤S,Almanza Dos,8,5,14889,11061,4
13,76,01,012,005,CITY OF LAS PI헤S,Manuyo Dos,8,12,14891,21003,4
13,76,01,014,005,CITY OF LAS PI헤S,Pamplona Tres,7,7,14893,11037,4
13,76,01,016,002,CITY OF LAS PI헤S,Pulang Lupa Dos,6,6,14895,11022,4
13,76,01,018,006,CITY OF LAS PI헤S,Talon Tres,4,4,14897,11047,4
13,76,01,020,007,CITY OF LAS PI헤S,Talon Singko,3,3,14899,11060,4
13,76,03,001,013,CITY OF MUNTINLUPA,Alabang,19,16,14931,11057,4
13,76,03,004,012,CITY OF MUNTINLUPA,Cupang,15,15,14934,11045,4
13,76,03,006,022,CITY OF MUNTINLUPA,Putatan,15,14,14936,11051,4
13,76,03,008,011,CITY OF MUNTINLUPA,Tunasan,14,15,14933,11032,4
13,76,04,004,003,CITY OF PARA헤QUE,San Dionisio,10,10,14941,11052,4
13,76,04,006,002,CITY OF PARA헤QUE,Tambo,8,10,14939,11050,4
13,76,04,008,024,CITY OF PARA헤QUE,Don Bosco,21,19,14944,11017,4
13,76,04,011,006,CITY OF PARA헤QUE,Moonwalk,15,12,14946,11042,4
13,76,04,013,025,CITY OF PARA헤QUE,San Isidro,30,30,14948,11015,4
13,76,05,119,000,PASAY CITY,Barangay 119,15,14,14986,23003,4
13,76,05,127,000,PASAY CITY,Barangay 127,18,15,14989,21007,4
13,76,05,145,003,PASAY CITY,Barangay 145,24,23,14998,22019,4
13,76,05,183,017,PASAY CITY,Barangay 183,3,3,15019,11003,4
14,1,01,001,000,BANGUED (Capital),Agtangao,23,25,15052,21114,4
14,1,14,002,000,LUBA,Barit,16,17,15087,21203,4
14,1,14,006,000,LUBA,Luzong,1,1,15087,21203,4
14,1,17,006,000,PE헤RRUBIA,Poblacion,19,18,15091,22205,4
14,1,27,002,000,VILLAVICIOSA,Bol-lilising,2,2,15109,22102,4
14,1,27,008,000,VILLAVICIOSA,Tuquib,14,15,15109,22102,4
14,11,01,005,001,ATOK,Paoay,20,26,15113,21203,4
14,11,02,010,000,BAGUIO CITY,Bayan Park East,24,27,15151,22108,4
14,11,02,041,000,BAGUIO CITY,Greenwater Village,15,24,15171,23204,4
14,11,02,047,000,BAGUIO CITY,Holy Ghost Proper,26,30,15163,21207,4
14,11,02,066,000,BAGUIO CITY,Magsaysay Private Road,12,10,15159,21107,4
14,11,02,067,000,BAGUIO CITY,Aurora Hill Proper (Malvar-Sgt. Floresca,1,1,15139,23104,4
14,11,02,110,000,BAGUIO CITY,Saint Joseph Village,20,22,15139,23104,4
14,11,02,154,001,BAGUIO CITY,Middle Quezon Hill Subdivision (Quezon H,19,18,15147,22201,4
14,11,05,013,002,BUGUIAS,Poblacion (Central),14,15,15193,23212,4
14,11,05,015,001,BUGUIAS,Lengaoan,5,6,15195,22211,4
14,11,06,001,008,ITOGON,Ampucao,4,4,15197,10005,4
14,11,08,018,000,KAPANGAN,Taba-ao,18,18,15211,22107,4
14,11,10,005,005,LA TRINIDAD (Capital),Balili,16,17,15217,10001,4
14,11,11,001,001,MANKAYAN,Balili,1,1,15228,23113,4
14,11,11,001,002,MANKAYAN,Balili,5,7,15228,23113,4
14,11,11,010,001,MANKAYAN,Poblacion,19,13,15231,21108,4
14,11,13,003,003,TUBA,Camp 3,3,3,15239,10004,4
14,27,04,026,000,LAGAWE (Capital),Poblacion East,16,17,15267,21001,4
14,27,07,015,000,ALFONSO LISTA (POTIA),San Marcos,1,1,15282,23014,4
14,27,07,019,000,ALFONSO LISTA (POTIA),Little Tadian,19,20,15282,23014,4
14,27,10,012,000,TINOC,Wangwang,11,16,15297,22002,4
14,32,09,021,000,PINUKPUK,Socbot,18,18,15309,23003,4
14,32,13,022,001,TABUK (Capital),Magsaysay,15,15,15336,21015,4
14,32,15,008,000,TINGLAYAN,Bugnay,1,1,15340,22006,4
14,32,15,014,000,TINGLAYAN,Poblacion,18,18,15340,22006,4
14,44,02,008,000,BAUKO,Guinzadan Norte,15,19,15381,23012,4
14,44,02,012,000,BAUKO,Mabaay,17,19,15375,22014,4
14,44,02,015,000,BAUKO,Monamon Sur,15,17,15374,21013,4
14,81,01,005,000,CALANASAN (BAYAG),Naguilian,1,1,15345,21002,4
14,81,01,015,000,CALANASAN (BAYAG),Eva Puzon,17,17,15345,21002,4
14,81,06,009,000,PUDTOL,Capannikian,1,1,15368,22007,4
14,81,06,020,000,PUDTOL,Swan,13,13,15368,22007,4
15,7,02,024,000,LAMITAN,Calugusan,24,24,16034,21116,4
15,7,05,010,000,SUMISIP,Guiong,17,17,16068,22118,4
15,36,01,023,000,BACOLOD-KALAWI (BACOLOD GRANDE),Raya,3,3,15414,23106,4
15,36,01,026,000,BACOLOD-KALAWI (BACOLOD GRANDE),Tambo,1,1,15414,23106,4
15,36,03,032,000,BALINDONG (WATU),Lumbayao,21,12,15426,22206,4
15,36,09,016,000,GANASSI,Para-aba,9,9,15449,21211,4
15,36,15,072,000,MALABANG,Jose Abad Santos,19,20,15478,23205,4
15,36,17,019,000,MARAWI CITY,Bubonga Cadayonan,13,7,15496,21029,4
15,36,17,129,000,MARAWI CITY,Tuca Ambolong,1,1,15496,21029,4
15,36,25,005,000,SAGUIARAN,Cadayon,1,1,15554,22124,4
15,36,25,009,000,SAGUIARAN,Dilausan,8,6,15554,22124,4
15,36,34,030,000,MAGUING,Madanding,3,1,15603,21119,4
15,36,34,033,000,MAGUING,Malungun,12,6,15603,21119,4
15,36,40,003,000,SULTAN DUMALONDONG,Dinganun Guilopa (Dingunun),5,4,15618,21324,4
15,38,03,039,004,BULUAN,Poblacion,15,16,15641,22111,4
15,38,08,034,001,SHARIFF AGUAK (MAGANOY) (Capital) (25),Poblacion,12,12,15696,23103,4
15,38,09,004,002,MATANOG,Bugasan Sur (Pob.),14,16,15786,25104,4
15,38,11,010,000,PARANG,Guiday T. Biruar,10,10,15711,21205,4
15,38,11,012,006,PARANG,Landasan (Sarmiento),7,8,15710,10001,4
15,38,12,010,001,SULTAN KUDARAT (NULING),Crossing Simuay,10,12,15729,21105,4
15,38,13,003,000,SULTAN SA BARONGIS (LAMBAYONG),Barurao,20,20,15745,24104,4
15,38,16,002,000,TALAYAN,Ahan,17,22,15780,25217,4
15,38,16,020,000,TALAYAN,Lambayao,7,7,15776,23202,4
15,38,17,010,002,SOUTH UPI,Romangaob (Pob.),15,15,15785,24209,4
15,38,22,005,000,PAGAGAWAN,Limbalud,19,19,15811,22202,4
15,66,03,012,002,KALINGALAN CALUANG,Pitogo,25,25,15839,21112,4
15,66,06,002,000,HADJI PANGLIMA TAHIL (MARUNGGAS),Bubuan,2,2,15860,23101,4
15,66,06,003,000,HADJI PANGLIMA TAHIL (MARUNGGAS),Kabuukan,18,18,15860,23101,4
15,66,07,007,000,OLD PANAMAO,Bulangsi,17,17,15866,23312,4
15,66,07,028,000,OLD PANAMAO,Lower Patibulan,6,6,15870,22211,4
15,66,12,015,000,SIASI,Ipil,16,16,15908,23215,4
15,66,12,072,000,SIASI,Tong Laminusa,16,16,15911,22109,4
15,66,13,039,000,TALIPAO,Mahala,15,15,15923,21209,4
15,70,02,043,000,BONGAO,Ungus-ungus,2,2,15976,22209,4
15,70,02,045,000,BONGAO,Nalil,20,20,15966,21104,4
15,70,02,046,000,BONGAO,Pagatpat,15,16,15976,22209,4
15,70,05,004,002,SITANGKAI,Sitangkai Poblacion,19,13,15992,21205,4
15,70,07,026,000,TANDUBAS,Naungan,10,10,16011,22106,4
15,70,07,047,000,TANDUBAS,Kalang-kalang,1,1,16011,22106,4
16,2,02,003,001,BUTUAN CITY (Capital),Agusan Peque絪,17,18,16133,21110,4
16,2,02,039,001,BUTUAN CITY (Capital),Doongan,21,23,16142,21201,4
16,2,02,054,004,BUTUAN CITY (Capital),Libertad,9,9,16112,10002,4
16,2,02,056,001,BUTUAN CITY (Capital),Los Angeles,18,18,16124,22112,4
16,2,02,100,000,BUTUAN CITY (Capital),Santo Ni絪,17,16,16123,22210,4
16,2,03,006,000,CABADBARAN,Bayabas,1,1,16157,22116,4
16,2,03,032,000,CABADBARAN,Poblacion 9,19,22,16169,21112,4
16,2,03,033,000,CABADBARAN,Puting Bato,19,19,16157,22116,4
16,2,04,011,000,CARMEN,San Agustin,17,18,16172,21206,4
16,2,05,002,001,JABONGA,Bangonay,16,16,16177,22203,4
16,3,01,024,001,BAYUGAN,Taglatawan,7,7,16231,10007,4
16,3,01,030,000,BAYUGAN,Cagbas,16,16,16225,21115,4
16,3,03,003,000,ESPERANZA,Bentahon,14,14,16254,22102,4
16,3,06,031,001,PROSPERIDAD (Capital),Santa Irene,16,17,16269,21211,4
16,3,08,007,000,SAN FRANCISCO,Hubang,16,17,16300,22209,4
16,3,09,005,000,SAN LUIS,Nuevo Trabajo,14,15,16308,23110,4
16,3,09,006,000,SAN LUIS,Poblacion,12,13,16309,23208,4
16,3,12,002,000,TRENTO,Cuevas,18,18,16329,22304,4
16,67,09,004,000,DINAGAT,Escolta (Pob.),16,20,16382,21105,4
16,67,14,005,000,MAINIT,Mabini,1,1,16400,22114,4
16,67,14,013,001,MAINIT,Quezon (Pob.),21,20,16400,22114,4
16,67,15,003,000,MALIMONO,Cantapoy,21,21,16406,23215,4
16,67,24,031,002,SURIGAO CITY (Capital),Mat-i,16,16,16449,21207,4
16,67,24,048,004,SURIGAO CITY (Capital),Taft (Pob.),11,12,16441,10001,4
16,67,25,003,000,TAGANA-AN,Banban,18,19,16456,23114,4
16,67,25,015,000,TAGANA-AN,Patino,1,1,16456,23114,4
16,67,28,011,001,SAN JOSE,Santa Cruz,16,16,16464,22218,4
16,67,28,011,002,SAN JOSE,Santa Cruz,1,1,16464,22218,4
16,68,02,004,000,BAYABAS,Cagbaoto,1,1,16479,23203,4
16,68,02,006,000,BAYABAS,Magobawok,15,16,16479,23203,4
16,68,03,002,000,BISLIG,Bucto,2,2,16485,22208,4
16,68,03,009,014,BISLIG,Mangagoy,23,22,16488,10003,4
16,68,03,021,000,BISLIG,Tumanan,15,15,16485,22208,4
16,68,03,025,000,BISLIG,Comawas,18,16,16490,21209,4
16,68,07,008,000,CARRASCAL,Doyos (Pob.),18,16,16508,22102,4
16,68,07,010,000,CARRASCAL,Gamuton,15,16,16507,23103,4
16,68,09,010,000,HINATUAN,Harip,0,1,16521,23314,4
16,68,09,025,000,HINATUAN,Roxas,16,16,16521,23314,4
16,68,19,002,003,TANDAG (Capital),Bagong Lungsod (Pob.),25,24,16581,21105,4
41,10,01,008,000,AGONCILLO,Coral Na Munti,17,17,03819,23340,4
41,10,06,022,003,BAUAN,Manghinao Proper,13,16,03920,21104,4
41,10,11,006,000,LAUREL,Bugaan East,18,18,03974,23225,4
41,10,14,005,002,LIPA CITY,Antipolo Del Norte,14,14,04012,21311,4
41,10,17,012,000,MALVAR,San Andres,17,18,04081,21429,4
41,10,22,031,000,SAN JOSE,Taysan,18,18,04160,22337,4
41,10,23,017,001,SAN JUAN,Laiya-Ibabao,14,14,04167,24328,4
41,10,26,019,000,SAN PASCUAL,Pila,17,16,04203,22208,4
41,10,27,012,000,SANTA TERESITA,Saimsim,27,29,04211,24206,4
41,10,27,016,000,SANTA TERESITA,Tambo Ilaya,0,1,04211,24206,4
41,10,28,020,002,SANTO TOMAS,San Rafael,25,25,04228,23115,4
41,10,28,029,000,SANTO TOMAS,Santiago,20,18,04233,22119,4
41,10,30,020,000,TALISAY,Sampaloc,20,20,04250,21219,4
41,10,33,011,000,TINGLOY,San Isidro,17,17,04290,24117,4
41,21,03,046,017,BACOOR,Molino III,6,7,04364,11011,4
41,21,03,047,002,BACOOR,Molino IV,14,20,04365,26117,4
41,21,03,066,001,BACOOR,Talaba II,23,23,04376,27116,4
41,21,03,068,003,BACOOR,Talaba IV,18,21,04377,23223,4
41,21,06,042,001,DASMARI헤S,Santa Fe,18,21,04448,23125,4
41,21,06,047,001,DASMARI헤S,Burol I,16,19,04452,25119,4
41,21,06,056,029,DASMARI헤S,Paliparan III,9,9,04460,11008,4
41,21,08,014,002,GENERAL TRIAS,Javalera,20,17,04486,22107,4
41,21,08,023,013,GENERAL TRIAS,San Francisco,10,10,04492,11002,4
41,21,09,026,001,IMUS,Alapan I-B,9,11,04509,22214,4
41,21,09,026,004,IMUS,Alapan I-B,1,1,04509,22214,4
41,21,09,039,004,IMUS,Anabu II-F,12,17,04515,21210,4
41,21,11,005,002,KAWIT,Panamitan,28,24,04570,21105,4
41,21,12,001,000,MAGALLANES,Baliwag,16,16,04586,26213,4
41,21,17,011,002,ROSARIO,Wawa I,17,17,04634,24210,4
41,21,17,016,002,ROSARIO,Sapa II,17,18,04636,27210,4
41,21,18,026,001,SILANG,Maguyam,20,22,04664,24117,4
41,21,18,065,000,SILANG,Toledo,18,18,04650,25220,4
41,34,01,009,001,ALAMINOS,San Benito,14,15,04767,22320,4
41,34,03,006,010,BI헤N,De La Paz,4,4,04788,11009,4
41,34,03,022,003,BI헤N,Soro-soro,17,18,04799,22203,4
41,34,05,011,001,CALAMBA,Canlubang,11,11,04823,11003,4
41,34,05,026,003,CALAMBA,Makiling,21,25,04830,21412,4
41,34,05,035,000,CALAMBA,Palo-Alto,19,23,04836,23306,4
41,34,05,038,001,CALAMBA,Barangay 1 (Pob.),17,17,04839,23207,4
41,34,07,011,000,CAVINTI,Layug,1,1,04872,24207,4
41,34,07,020,000,CAVINTI,Udia,17,19,04872,24207,4
41,34,17,034,002,NAGCARLAN,Poblacion II (Pob.),16,17,04935,21323,4
41,34,17,045,000,NAGCARLAN,Santa Lucia,20,20,04943,24335,4
41,34,21,008,002,PANGIL,Sulib,17,15,04970,24116,4
41,34,24,002,000,SAN PABLO CITY,Bagong Pook VI-C (Pob.),14,15,05037,21206,4
41,34,24,036,004,SAN PABLO CITY,Del Remedio,19,20,04996,22107,4
41,34,24,061,002,SAN PABLO CITY,San Nicolas,14,17,05013,23104,4
41,34,25,016,011,SAN PEDRO,San Vicente,25,25,05051,11006,4
41,34,28,023,003,SANTA ROSA,Tagapo,18,20,05097,21113,4
41,56,10,026,000,CATANAUAN,Matandang Sabang Kanluran,16,16,05185,24239,4
41,56,17,013,000,GENERAL NAKAR,Pagsangahan,11,11,05212,23202,4
41,56,18,005,000,GUINAYANGAN,Balinarin,16,16,05218,24135,4
41,56,18,024,000,GUINAYANGAN,Gapas,1,1,05218,24135,4
41,56,23,006,002,LUCBAN,Barangay 3 (Pob.),15,13,05283,21208,4
41,56,24,002,003,LUCENA CITY (Capital),Barangay 1 (Pob.),14,15,05293,21013,4
41,56,30,006,002,PAGBILAO,Binahaan,16,16,05359,23108,4
41,56,40,002,003,SAN ANDRES,Camflora,17,17,05410,25222,4
41,56,45,023,001,SARIAYA,Lutucan 1,18,18,05467,21127,4
41,56,45,030,000,SARIAYA,Morong,19,19,05452,22233,4
41,56,46,039,000,TAGKAWAYAN,Santo Ni絪 I,1,1,05487,25109,4
41,56,46,040,000,TAGKAWAYAN,Santo Ni絪 II,20,21,05487,25109,4
41,56,48,015,001,TIAONG,Lalig,19,19,05525,22134,4
41,58,01,012,004,ANGONO,San Vicente,17,19,05657,22104,4
41,58,02,002,027,CITY OF ANTIPOLO,Cupang,13,15,05536,12019,4
41,58,02,004,009,CITY OF ANTIPOLO,Mayamot,7,9,05538,12008,4
41,58,02,008,006,CITY OF ANTIPOLO,San Jose (Pob.),11,12,05540,12020,4
41,58,02,010,001,CITY OF ANTIPOLO,Mambugan,8,9,05542,12012,4
41,58,02,013,002,CITY OF ANTIPOLO,Dalig,9,7,05544,12014,4
41,58,02,015,004,CITY OF ANTIPOLO,San Juan,19,16,05546,23101,4
41,58,02,017,020,CITY OF ANTIPOLO,Santa Cruz,7,8,05548,12017,4
41,58,04,032,000,BINANGONAN,Sapang,19,18,05568,23217,4
41,58,05,014,033,CAINTA,San Andres (Pob.),13,14,05570,12006,4
41,58,05,016,025,CAINTA,San Juan,16,14,05571,12009,4
41,58,08,002,004,RODRIGUEZ (MONTALBAN),Burgos,7,5,05593,12002,4
41,58,09,007,002,MORONG,San Juan (Pob.),14,16,05607,21115,4
41,58,10,006,002,PILILLA,Malaya,16,17,05612,21305,4
41,58,10,007,002,PILILLA,Niogan,12,12,05613,22204,4
41,58,11,010,003,SAN MATEO,Santa Ana,15,16,05624,21203,4
41,58,13,001,015,TAYTAY,Dolores (Pob.),10,12,05641,12004,4
41,58,13,004,025,TAYTAY,San Juan,14,13,05644,12003,4
42,40,01,002,000,BOAC (Capital),Agumaymayan,19,21,05668,21019,4
42,40,02,005,001,BUENAVISTA,Daykitin,19,17,05678,23006,4
42,40,04,003,002,MOGPOG,Balanacan,15,17,05693,22020,4
42,51,05,010,001,MAGSAYSAY,Poblacion,9,10,05751,21210,4
42,51,07,001,000,PALUAN,Alipaoy,16,16,05761,22201,4
42,51,07,012,000,PALUAN,Tubili,17,17,05762,21301,4
42,51,10,020,002,SAN JOSE,Central,12,13,05796,21115,4
42,51,11,001,002,SANTA CRUZ,Alacaak,15,16,05806,22108,4
42,52,05,062,000,CITY OF CALAPAN (Capital),Suqui,17,18,05874,21202,4
42,52,07,007,000,MANSALAY,Don Pedro,14,17,05899,23308,4
42,52,08,004,000,NAUJAN,Arangin,1,1,05904,23215,4
42,52,08,030,000,NAUJAN,Masagana,1,1,05907,21318,4
42,52,08,058,000,NAUJAN,San Nicolas,19,21,05907,21318,4
42,52,08,072,000,NAUJAN,Paitan,17,17,05904,23215,4
42,52,09,009,000,PINAMALAYAN,Inclanay,15,17,05941,23123,4
42,52,09,034,002,PINAMALAYAN,Wawa,20,19,05936,22121,4
42,52,09,035,002,PINAMALAYAN,Zone I (Pob.),15,16,05937,21119,4
42,52,13,003,000,SAN TEODORO,Calsapa,17,18,05978,22204,4
42,52,15,004,000,VICTORIA,Bagong Buhay,15,16,05997,22308,4
42,53,05,007,000,BATARAZA,Iwahig,18,19,06027,25217,4
42,53,06,005,000,BROOKE'S POINT,Imulnod,19,19,06037,24116,4
42,53,15,011,000,NARRA,Ipilan,16,16,06077,24217,4
42,53,15,015,001,NARRA,Panacan,16,18,06087,22214,4
42,53,16,047,007,PUERTO PRINCESA CITY (Capital),San Miguel,11,10,06099,10002,4
42,53,16,067,001,PUERTO PRINCESA CITY (Capital),Tiniguiban,20,30,06110,21201,4
42,53,18,030,000,ROXAS,Barangay III (Pob.),19,24,06140,22116,4
42,53,19,005,000,SAN VICENTE,New Agutaya,12,12,06154,21109,4
42,53,20,015,000,TAYTAY,New Guinlo,16,17,06158,23211,4
42,53,20,027,000,TAYTAY,Libertad,15,15,06165,23114,4
42,53,23,004,000,RIZAL (MARCOS),Canipaan,13,14,06175,25103,4
42,59,03,013,000,CAJIDIOCAN,Sugod,16,17,06190,21208,4
42,59,09,017,001,ODIONGAN,Panique,10,9,06211,21112,4
42,59,10,015,000,ROMBLON,Ilauran,16,17,06230,22116,4
42,59,15,002,000,SANTA FE,Canyayo,21,21,06250,22214,4
